"First Name [Required]","Last Name [Required]","Email Address [Required]","Password [Required]","Password Hash Function [UPLOAD ONLY]","Org Unit Path [Required]"
mekin,man,gputh4oqxs4ldkk@handphonesecure.com,ridwan8282882,,/
mekin,man,dcokwj8ybklfu6h@handphonesecure.com,ridwan8282882,,/
mekin,man,p20njjhsfky6lz8@handphonesecure.com,ridwan8282882,,/
mekin,man,aetdufsaqjb2fft@handphonesecure.com,ridwan8282882,,/
mekin,man,9iv6mttuwwrly8v@handphonesecure.com,ridwan8282882,,/
mekin,man,fec8rlypitr8zqk@handphonesecure.com,ridwan8282882,,/
mekin,man,tpfaf5lszflro9r@handphonesecure.com,ridwan8282882,,/
mekin,man,ezjp5hnblxb5dw1@handphonesecure.com,ridwan8282882,,/
mekin,man,9m5h1lhcy9jtexq@handphonesecure.com,ridwan8282882,,/
mekin,man,qtu4yba2qcaxp1o@handphonesecure.com,ridwan8282882,,/
