"First Name [Required]","Last Name [Required]","Email Address [Required]","Password [Required]","Password Hash Function [UPLOAD ONLY]","Org Unit Path [Required]"
mekin,man,1dy42a7s6esxgyl@handphonesecure.com,ridwan8282882,,/
mekin,man,wwgq4xwqu7ohxrr@handphonesecure.com,ridwan8282882,,/
mekin,man,myuk465gshcpmvr@handphonesecure.com,ridwan8282882,,/
mekin,man,9x0rtmzjudviwwr@handphonesecure.com,ridwan8282882,,/
mekin,man,e7moxrqde53gfmy@handphonesecure.com,ridwan8282882,,/
mekin,man,yp7qemu8ws2nzzh@handphonesecure.com,ridwan8282882,,/
mekin,man,jbst2caq44w1lbj@handphonesecure.com,ridwan8282882,,/
mekin,man,hdemz1ibw4eegvf@handphonesecure.com,ridwan8282882,,/
mekin,man,mm4bsa327bowstk@handphonesecure.com,ridwan8282882,,/
mekin,man,xthmrnhxddhgwq0@handphonesecure.com,ridwan8282882,,/
