"First Name [Required]","Last Name [Required]","Email Address [Required]","Password [Required]","Password Hash Function [UPLOAD ONLY]","Org Unit Path [Required]"
mekin,man,extzndofnikzay1@handphonesecure.com,ridwan8282882,,/
mekin,man,s1bj1j78befkavv@handphonesecure.com,ridwan8282882,,/
mekin,man,hcolbhdvmlmcwll@handphonesecure.com,ridwan8282882,,/
mekin,man,hpw1trymg8xtjk4@handphonesecure.com,ridwan8282882,,/
mekin,man,mguugofuznvtbjk@handphonesecure.com,ridwan8282882,,/
mekin,man,rrbitwgxgmh47zb@handphonesecure.com,ridwan8282882,,/
mekin,man,9evicy2sj3fcppt@handphonesecure.com,ridwan8282882,,/
mekin,man,q5gt8jfyj4iunfi@handphonesecure.com,ridwan8282882,,/
mekin,man,laeomymnzkfo78e@handphonesecure.com,ridwan8282882,,/
mekin,man,hrwy4vy3uqx28bc@handphonesecure.com,ridwan8282882,,/
