"First Name [Required]","Last Name [Required]","Email Address [Required]","Password [Required]","Password Hash Function [UPLOAD ONLY]","Org Unit Path [Required]"
mekin,man,hfsxzzfmlh4f0zk@secureid541.com,ridwan82828,,/
mekin,man,gxjforww9tkc2wx@secureid541.com,ridwan82828,,/
mekin,man,n0e2x7gte9jh12y@secureid541.com,ridwan82828,,/
mekin,man,tv0n3bekpu0rnlt@secureid541.com,ridwan82828,,/
mekin,man,tqxfz1skvf7i5pk@secureid541.com,ridwan82828,,/
mekin,man,ns2lgiqp17qs5at@secureid541.com,ridwan82828,,/
mekin,man,jjomfmesqv7bkka@secureid541.com,ridwan82828,,/
mekin,man,jtnlf0hpl8iygq9@secureid541.com,ridwan82828,,/
mekin,man,hg8jddh8v4s3wpp@secureid541.com,ridwan82828,,/
mekin,man,wjekqtzq0me53gu@secureid541.com,ridwan82828,,/
