"First Name [Required]","Last Name [Required]","Email Address [Required]","Password [Required]","Password Hash Function [UPLOAD ONLY]","Org Unit Path [Required]"
mekin,man,isjwudga2ihob0r@apple-care-ch.com,ridwan2002,,/
mekin,man,laaw4tg2jrmvbwp@apple-care-ch.com,ridwan2002,,/
mekin,man,ur8ghdsewqf9fbb@apple-care-ch.com,ridwan2002,,/
mekin,man,zlgdjmnyxuva9md@apple-care-ch.com,ridwan2002,,/
mekin,man,adcga5b5pr6ryib@apple-care-ch.com,ridwan2002,,/
mekin,man,h0rrkuxb222qjrl@apple-care-ch.com,ridwan2002,,/
mekin,man,itbdp4r6vfpzdv6@apple-care-ch.com,ridwan2002,,/
mekin,man,xcrzali0yieelq5@apple-care-ch.com,ridwan2002,,/
mekin,man,mgr53cqeycvi0dq@apple-care-ch.com,ridwan2002,,/
mekin,man,eizm2x0zw9xjcox@apple-care-ch.com,ridwan2002,,/
