"First Name [Required]","Last Name [Required]","Email Address [Required]","Password [Required]","Password Hash Function [UPLOAD ONLY]","Org Unit Path [Required]"
mekin,man,8cj4bc2z4oxyh2b@secureid541.com,ridwan82828,,/
mekin,man,xm7cofshmtzmu9l@secureid541.com,ridwan82828,,/
mekin,man,riyagpntij3jmoj@secureid541.com,ridwan82828,,/
mekin,man,nupo7qbybtyr12l@secureid541.com,ridwan82828,,/
mekin,man,hxhswk60wwlkalo@secureid541.com,ridwan82828,,/
mekin,man,esvtlm0cptz71ja@secureid541.com,ridwan82828,,/
mekin,man,niz6tp4k5rh9fxf@secureid541.com,ridwan82828,,/
mekin,man,h0tzj1wov4hxarf@secureid541.com,ridwan82828,,/
mekin,man,tjosdmarpfevsnb@secureid541.com,ridwan82828,,/
mekin,man,pcb1pus0ilt3fka@secureid541.com,ridwan82828,,/
