"First Name [Required]","Last Name [Required]","Email Address [Required]","Password [Required]","Password Hash Function [UPLOAD ONLY]","Org Unit Path [Required]"
mekin,man,z1yyusct4gxrprw@apple-care-ch.com,ridwan2002,,/
mekin,man,ubbrgvic5nhruqe@apple-care-ch.com,ridwan2002,,/
mekin,man,cn02kttebmzy3qb@apple-care-ch.com,ridwan2002,,/
mekin,man,gv3uv8bqew767da@apple-care-ch.com,ridwan2002,,/
mekin,man,aokwsweh0rem7hh@apple-care-ch.com,ridwan2002,,/
mekin,man,bic6xyi4xxi9wky@apple-care-ch.com,ridwan2002,,/
mekin,man,ju8bdwtgsxe29z3@apple-care-ch.com,ridwan2002,,/
mekin,man,z2jabsv05xu2wxq@apple-care-ch.com,ridwan2002,,/
mekin,man,aikqdurxsob5qpf@apple-care-ch.com,ridwan2002,,/
mekin,man,xbygr3vmipayexp@apple-care-ch.com,ridwan2002,,/
