"First Name [Required]","Last Name [Required]","Email Address [Required]","Password [Required]","Password Hash Function [UPLOAD ONLY]","Org Unit Path [Required]"
mekin,man,ygtsmuqcawvt6kb@handphonesecure.com,ridwan8282882,,/
mekin,man,9wps7fetqqwz9sx@handphonesecure.com,ridwan8282882,,/
mekin,man,d2mbgtquhx6icbb@handphonesecure.com,ridwan8282882,,/
mekin,man,gaiqvzlmsipu63n@handphonesecure.com,ridwan8282882,,/
mekin,man,agkykpvm8vd4g0e@handphonesecure.com,ridwan8282882,,/
mekin,man,3ml2ges0gimt44r@handphonesecure.com,ridwan8282882,,/
mekin,man,pyyvgmzaf1cwfzb@handphonesecure.com,ridwan8282882,,/
mekin,man,rzwecthfkvktp3b@handphonesecure.com,ridwan8282882,,/
mekin,man,799fclhlqxwcptr@handphonesecure.com,ridwan8282882,,/
mekin,man,rggd5evdykxtlbc@handphonesecure.com,ridwan8282882,,/
