"First Name [Required]","Last Name [Required]","Email Address [Required]","Password [Required]","Password Hash Function [UPLOAD ONLY]","Org Unit Path [Required]"
mekin,man,vxhbzkiqekntrpl@apple-care-ch.com,ridwan2002,,/
mekin,man,gpj6poqym9jl7kr@apple-care-ch.com,ridwan2002,,/
mekin,man,qwnbp66syyvuezk@apple-care-ch.com,ridwan2002,,/
mekin,man,6xctubdqconzg5r@apple-care-ch.com,ridwan2002,,/
mekin,man,mjr1pgck6pobnap@apple-care-ch.com,ridwan2002,,/
mekin,man,c9cqvxhxv5uj1ng@apple-care-ch.com,ridwan2002,,/
mekin,man,crvknjuiaeouxws@apple-care-ch.com,ridwan2002,,/
mekin,man,tz707blweidp7tx@apple-care-ch.com,ridwan2002,,/
mekin,man,sau1pmtt2xnz7zf@apple-care-ch.com,ridwan2002,,/
mekin,man,xy13qvy5ytdkhxz@apple-care-ch.com,ridwan2002,,/
