"First Name [Required]","Last Name [Required]","Email Address [Required]","Password [Required]","Password Hash Function [UPLOAD ONLY]","Org Unit Path [Required]"
mekin,man,n5sfeia0oduznf2@secureid541.com,ridwan82828,,/
mekin,man,zb7uik8z5eyushx@secureid541.com,ridwan82828,,/
mekin,man,2hc7mmjwr5pa80j@secureid541.com,ridwan82828,,/
mekin,man,totdhjov55b8lcb@secureid541.com,ridwan82828,,/
mekin,man,s5s01lrou1ifexd@secureid541.com,ridwan82828,,/
mekin,man,lqipeqqewazjnsn@secureid541.com,ridwan82828,,/
mekin,man,pbgx8mbaf30dqhj@secureid541.com,ridwan82828,,/
mekin,man,rjc6is5ghke6zcx@secureid541.com,ridwan82828,,/
mekin,man,yf49hfffw7mq0c9@secureid541.com,ridwan82828,,/
mekin,man,nppwstokkkdxdqk@secureid541.com,ridwan82828,,/
