"First Name [Required]","Last Name [Required]","Email Address [Required]","Password [Required]","Password Hash Function [UPLOAD ONLY]","Org Unit Path [Required]"
mekin,man,gwxdrgs4h0zzr0i@apple-care-ch.com,ridwan2002,,/
mekin,man,q82x4tafyqtn4h2@apple-care-ch.com,ridwan2002,,/
mekin,man,3m2p7zn6njlnlm7@apple-care-ch.com,ridwan2002,,/
mekin,man,mfjpf7qxjej1ylf@apple-care-ch.com,ridwan2002,,/
mekin,man,mgzfj7y4jydoccz@apple-care-ch.com,ridwan2002,,/
mekin,man,4eobclhvfmag0vo@apple-care-ch.com,ridwan2002,,/
mekin,man,disaehs0zorypuv@apple-care-ch.com,ridwan2002,,/
mekin,man,4y81367b27y2qfl@apple-care-ch.com,ridwan2002,,/
mekin,man,ollkki8gynmii8b@apple-care-ch.com,ridwan2002,,/
mekin,man,ny416xabc7bmmpn@apple-care-ch.com,ridwan2002,,/
