"First Name [Required]","Last Name [Required]","Email Address [Required]","Password [Required]","Password Hash Function [UPLOAD ONLY]","Org Unit Path [Required]"
mekin,man,ymdxq2dai2sp1mt@secureid541.com,ridwan82828,,/
mekin,man,9vj9qoxnh3wbqln@secureid541.com,ridwan82828,,/
mekin,man,xie96qqqrcguh0e@secureid541.com,ridwan82828,,/
mekin,man,kmdghzlr6lgihqe@secureid541.com,ridwan82828,,/
mekin,man,vpkurofh157qerm@secureid541.com,ridwan82828,,/
mekin,man,774trbcv2qawbug@secureid541.com,ridwan82828,,/
mekin,man,0v0xgwyir0nhncg@secureid541.com,ridwan82828,,/
mekin,man,akd0rw1hbqchhd7@secureid541.com,ridwan82828,,/
mekin,man,vjnziaxukc9yyli@secureid541.com,ridwan82828,,/
mekin,man,vewoiypybhzcizx@secureid541.com,ridwan82828,,/
